CapReceipts,AggReceipts,SocSectExpenditure,IntPayments,OwnTaxRevenues,FiscDeficits,OutstLiabilities,AggExpenditure,RevReceipts,ReveExpenditure,RevDeficits,CapExpenditure,NomGSDPSeries
325.00,1590.00,532.00,81.70,582.00,222.10,81.50,1610.00,1265.00,1161.00,-104.00,449.00,8191.00
187.00,709.00,171.00,30.00,66.00,-27.40,43.41,758.00,522.00,357.00,-165.00,401.00,2516.00
702.00,1690.00,452.00,107.10,277.00,335.80,106.33,1791.00,988.00,929.00,-59.00,862.00,7353.00
345.00,1370.00,406.00,68.60,531.00,246.50,80.76,1442.00,1025.00,903.00,-122.00,539.00,7427.00
116.00,576.00,137.00,37.00,234.00,112.00,30.76,607.00,460.00,401.00,-59.00,207.00,3386.00
41.00,333.00,106.00,10.00,34.00,-34.90,13.29,338.00,292.00,188.00,-104.00,150.00,794.00
163.00,421.00,125.00,33.00,38.00,144.50,33.58,428.00,258.00,273.00,15.00,154.00,1186.00
308.00,1262.00,348.00,62.40,475.00,225.90,58.98,1302.00,954.00,895.00,-59.00,407.00,6210.00
140.00,780.00,391.00,45.60,337.00,179.80,49.83,855.00,640.00,668.00,28.00,188.00,4286.00
354.00,1488.00,397.00,77.40,386.00,337.20,77.77,1590.00,1134.00,1016.00,-118.00,573.00,7788.00
519.00,2557.00,754.00,110.30,1130.00,463.30,128.78,2613.00,2038.00,1917.00,-121.00,696.00,16631.00
42.00,153.00,41.00,4.60,3.00,-6.70,3.90,159.00,111.00,71.00,-41.00,88.00,218.00
3.00,93.00,30.00,1.40,5.00,-7.70,2.18,102.00,90.00,60.00,-30.00,42.00,200.00
30.00,174.00,38.00,3.30,4.00,-26.30,4.09,164.00,144.00,92.00,-52.00,73.00,119.00
249.00,870.00,274.00,50.30,132.00,134.10,51.56,877.00,621.00,541.00,-81.00,336.00,3708.00
196.00,764.00,252.00,62.10,349.00,159.80,70.71,817.00,568.00,550.00,-18.00,267.00,5025.00
247.00,1000.00,323.00,79.80,230.00,206.70,65.80,1120.00,753.00,688.00,-65.00,432.00,4637.00
4.00,41.00,9.00,0.40,3.00,5.60,1.42,43.00,37.00,30.00,-7.00,13.00,52.00
420.00,1700.00,506.00,91.10,639.00,210.40,70.44,1686.00,1280.00,1152.00,-128.00,534.00,8081.00
13.00,136.00,49.00,3.10,4.00,-9.10,5.17,143.00,123.00,87.00,-36.00,56.00,286.00
704.00,2603.00,821.00,157.40,645.00,551.40,197.60,2668.00,1899.00,1716.00,-183.00,952.00,15554.00
366.00,1458.00,592.00,108.90,514.00,289.20,88.57,1552.00,1092.00,1115.00,23.00,437.00,10345.00
323.00,1789.00,613.00,96.80,703.00,243.70,94.54,1831.00,1466.00,1386.00,-80.00,445.00,10041.00
202.00,568.00,176.00,42.00,90.00,171.70,46.58,618.00,366.00,402.00,36.80,215.00,3228.00
468.00,1628.00,598.00,97.80,338.00,409.10,117.77,1871.00,1160.00,1167.00,7.00,704.00,8562.00
364.00,1524.00,472.00,81.70,661.00,253.90,93.61,1565.00,1160.00,1039.00,-120.30,526.00,9253.00
130.00,666.00,173.00,45.60,291.00,101.60,34.71,696.00,536.00,486.00,-50.50,211.00,3911.00
26.00,260.00,113.00,12.40,42.00,56.60,14.92,297.00,234.00,212.00,-21.80,84.00,925.00
243.00,542.00,134.00,30.90,60.00,135.90,38.08,548.00,299.00,296.00,-2.30,252.00,1361.00
282.00,1449.00,400.00,70.80,607.00,118.00,62.71,1409.00,1167.00,1002.00,-164.30,406.00,7169.00
150.00,1001.00,424.00,57.10,374.00,61.70,58.33,1086.00,851.00,755.00,-96.00,331.00,4610.00
307.00,1651.00,456.00,101.70,476.00,237.50,88.03,1677.00,1344.00,1115.00,-229.30,562.00,8564.00
654.00,3040.00,847.00,146.40,1384.00,488.50,152.79,3088.00,2386.00,2238.00,-147.40,850.00,18738.00
39.00,134.00,44.00,6.00,4.00,27.10,5.03,128.00,95.00,85.00,-10.00,43.00,265.00
2.00,84.00,35.00,2.00,6.00,16.50,2.45,101.00,82.00,74.00,-8.10,27.00,230.00
-7.00,101.00,40.00,4.50,6.00,20.10,4.76,132.00,108.00,101.00,-7.80,31.00,147.00
197.00,799.00,258.00,66.90,160.00,141.80,60.65,814.00,602.00,574.00,-28.00,240.00,4162.00
296.00,979.00,280.00,74.00,432.00,178.30,81.31,996.00,683.00,620.00,-62.60,376.00,5954.00
372.00,1229.00,425.00,112.60,312.00,326.50,76.47,1360.00,857.00,823.00,-34.30,537.00,5461.00
-1.00,38.00,11.00,0.70,3.00,4.80,1.62,45.00,39.00,32.00,-7.50,13.00,59.00
587.00,2029.00,605.00,92.00,842.00,212.50,83.41,2006.00,1442.00,1360.00,-81.70,646.00,9712.00
3.00,100.00,40.00,4.30,5.00,24.80,5.73,124.00,97.00,91.00,-5.80,33.00,339.00
615.00,2875.00,824.00,177.20,823.00,452.00,229.78,2942.00,2260.00,1906.00,-353.40,1036.00,16887.00
444.00,1668.00,691.00,117.00,616.00,380.10,101.35,1838.00,1224.00,1312.00,87.80,527.00,11575.00
304.00,1943.00,697.00,112.10,808.00,172.40,110.63,1933.00,1639.00,1507.00,-132.60,427.00,10844.00
226.00,665.00,215.00,55.10,108.00,200.10,46.70,691.00,439.00,483.00,43.90,208.00,3657.00
388.00,1707.00,673.00,124.50,382.00,434.70,135.51,1940.00,1319.00,1357.00,37.70,583.00,9635.00
651.00,2000.00,643.00,99.80,763.00,376.60,105.02,1949.00,1349.00,1283.00,-66.30,666.00,9887.00
240.00,852.00,235.00,51.50,337.00,188.60,38.99,917.00,612.00,567.00,-44.80,350.00,4485.00
69.00,341.00,128.00,17.30,48.00,74.10,18.33,353.00,272.00,263.00,-9.10,90.00,987.00
178.00,503.00,149.00,42.10,62.00,142.00,40.14,504.00,325.00,326.00,1.00,178.00,1561.00
413.00,1694.00,485.00,78.00,674.00,279.90,71.60,1739.00,1281.00,1239.00,-41.90,500.00,8012.00
187.00,997.00,441.00,61.40,438.00,122.90,66.82,996.00,810.00,783.00,-26.80,213.00,5373.00
355.00,1871.00,547.00,112.80,558.00,290.50,114.42,1938.00,1516.00,1328.00,-187.80,610.00,9822.00
775.00,3613.00,1031.00,168.50,1648.00,551.50,169.11,3585.00,2838.00,2628.00,-210.10,957.00,20315.00
-46.00,67.00,47.00,5.20,4.00,17.40,5.31,137.00,113.00,92.00,-20.30,44.00,285.00
15.00,112.00,40.00,2.70,7.00,15.10,3.01,117.00,97.00,85.00,-11.80,32.00,256.00
14.00,148.00,48.00,5.50,7.00,29.50,5.20,166.00,134.00,128.00,-5.50,37.00,180.00
337.00,1139.00,470.00,79.60,174.00,212.20,67.92,1191.00,802.00,825.00,23.00,367.00,4448.00
250.00,1036.00,292.00,83.50,491.00,182.80,95.24,1122.00,786.00,684.00,-102.50,438.00,6602.00
382.00,1391.00,498.00,114.50,390.00,274.90,86.54,1419.00,1009.00,955.00,-54.50,464.00,6246.00
574.00,2252.00,798.00,101.40,1012.00,326.10,102.06,2292.00,1678.00,1576.00,-101.90,716.00,10025.00
20.00,144.00,47.00,4.80,6.00,17.10,6.31,145.00,124.00,109.00,-15.20,36.00,386.00
850.00,3406.00,1015.00,215.10,929.00,581.70,263.66,3490.00,2556.00,2364.00,-192.40,1127.00,19724.00
614.00,1993.00,843.00,169.80,638.00,497.80,112.81,2072.00,1379.00,1622.00,242.40,451.00,13049.00
546.00,2499.00,1073.00,123.00,965.00,493.00,129.40,2588.00,1953.00,2042.00,88.60,546.00,12564.00
363.00,914.00,339.00,60.80,136.00,327.20,46.75,942.00,551.00,688.00,137.20,254.00,4347.00
692.00,2196.00,677.00,149.60,442.00,328.00,147.52,2144.00,1504.00,1432.00,-72.10,711.00,10945.00
614.00,2179.00,669.00,117.30,879.00,397.60,114.67,2178.00,1565.00,1426.00,-139.00,752.00,12681.00
300.00,999.00,242.00,59.20,366.00,133.70,44.24,960.00,699.00,623.00,-75.90,338.00,4890.00
57.00,374.00,139.00,18.20,54.00,57.90,19.96,385.00,317.00,284.00,-32.70,101.00,1127.00
241.00,617.00,179.00,56.60,71.00,198.30,45.10,620.00,376.00,422.00,46.50,198.00,1782.00
479.00,1969.00,525.00,98.00,760.00,287.70,88.15,2002.00,1490.00,1417.00,-72.90,586.00,9610.00
317.00,1251.00,557.00,91.50,487.00,299.30,75.95,1322.00,934.00,992.00,58.20,329.00,6272.00
518.00,2318.00,677.00,86.20,643.00,366.40,107.92,2324.00,1800.00,1624.00,-176.30,700.00,11471.00
953.00,4205.00,1282.00,197.80,1823.00,739.70,187.87,4244.00,3252.00,3181.00,-70.80,1063.00,23457.00
39.00,169.00,61.00,7.20,5.00,26.20,5.64,158.00,130.00,105.00,-24.40,53.00,337.00
9.00,133.00,54.00,3.40,10.00,10.00,3.81,139.00,124.00,100.00,-24.60,40.00,298.00
22.00,184.00,62.00,8.00,10.00,41.00,5.86,215.00,162.00,165.00,3.30,50.00,209.00
326.00,1109.00,357.00,96.30,201.00,191.60,76.89,997.00,783.00,783.00,-0.40,214.00,5708.00
559.00,1438.00,354.00,89.60,544.00,262.10,108.74,1434.00,879.00,820.00,-59.30,614.00,7326.00
471.00,1614.00,544.00,126.50,441.00,297.50,100.38,1585.00,1143.00,1099.00,-44.70,487.00,7863.00
15.00,71.00,16.00,1.20,4.00,6.90,2.22,67.00,56.00,49.00,-6.80,18.00,80.00
754.00,2717.00,931.00,127.20,1145.00,363.60,116.16,2752.00,1963.00,1911.00,-51.70,841.00,11646.00
33.00,178.00,61.00,7.30,8.00,34.90,7.59,188.00,145.00,140.00,-4.90,47.00,426.00
1431.00,4087.00,1131.00,254.40,992.00,1082.30,296.93,4116.00,2656.00,2761.00,105.80,1355.00,21896.00
627.00,2160.00,856.00,184.30,769.00,413.90,129.26,2181.00,1533.00,1739.00,206.20,441.00,15302.00
668.00,2962.00,1193.00,153.80,1174.00,591.40,152.24,3119.00,2294.00,2463.00,169.00,656.00,13576.00
352.00,1051.00,382.00,97.70,189.00,366.60,52.28,1165.00,699.00,835.00,135.80,330.00,5113.00
711.00,2505.00,758.00,179.70,464.00,395.90,167.01,2408.00,1794.00,1687.00,-106.70,721.00,13004.00
625.00,2395.00,841.00,146.40,980.00,520.20,129.99,2463.00,1770.00,1701.00,-68.30,762.00,13311.00
245.00,1036.00,281.00,81.30,406.00,234.80,50.36,1120.00,791.00,761.00,-29.60,359.00,5382.00
84.00,466.00,156.00,25.30,61.00,79.50,25.56,479.00,382.00,344.00,-37.60,134.00,1139.00
255.00,693.00,215.00,67.90,79.00,248.20,44.48,747.00,438.00,509.00,70.90,238.00,2021.00
695.00,2435.00,658.00,135.20,909.00,563.30,99.52,2615.00,1740.00,1884.00,143.60,732.00,10831.00
323.00,1448.00,618.00,121.10,622.00,232.30,92.80,1572.00,1125.00,1139.00,13.70,433.00,6977.00
599.00,2412.00,773.00,19.60,713.00,494.20,121.65,2522.00,1813.00,1734.00,-79.10,788.00,11871.00
1366.00,5034.00,1434.00,252.00,1966.00,1050.50,219.79,5063.00,3668.00,3880.00,212.00,1183.00,25558.00
51.00,222.00,65.00,11.50,6.00,14.50,6.07,223.00,171.00,134.00,-37.60,89.00,382.00
22.00,170.00,54.00,5.60,12.00,2.00,4.50,161.00,148.00,117.00,-31.20,44.00,343.00
18.00,219.00,62.00,10.00,9.00,-4.60,6.24,202.00,201.00,163.00,-37.60,39.00,243.00
322.00,1145.00,406.00,101.20,228.00,328.40,89.14,1281.00,823.00,897.00,74.00,384.00,5694.00
771.00,1703.00,388.00,152.10,567.00,479.20,124.54,1726.00,932.00,941.00,9.40,785.00,8354.00
597.00,1824.00,625.00,169.50,487.00,362.70,118.66,1838.00,1227.00,1303.00,75.90,535.00,7936.00
687.00,2915.00,972.00,145.90,1298.00,397.70,135.41,2950.00,2228.00,2210.00,-17.20,740.00,13658.00
47.00,230.00,70.00,6.40,8.00,12.40,8.56,204.00,183.00,146.00,-36.50,57.00,474.00
1677.00,4822.00,1333.00,338.30,1140.00,1493.60,342.53,5186.00,3145.00,3292.00,147.30,1894.00,24211.00
881.00,2660.00,1115.00,244.20,937.00,339.70,151.28,2738.00,1779.00,2151.00,371.90,588.00,17676.00
773.00,3546.00,1470.00,190.70,1439.00,435.00,177.78,3413.00,2773.00,2781.00,7.30,633.00,15266.00
324.00,1262.00,467.00,102.70,235.00,154.00,63.26,1207.00,938.00,943.00,5.60,264.00,5673.00
919.00,3315.00,1231.00,222.10,576.00,326.00,186.95,2966.00,2396.00,2098.00,-297.70,868.00,14295.00
693.00,2596.00,1046.00,187.50,1075.00,514.00,148.89,2625.00,1903.00,1972.00,70.00,653.00,13988.00
391.00,1351.00,369.00,97.90,502.00,230.00,61.71,1315.00,960.00,854.00,-106.10,461.00,6552.00
119.00,638.00,223.00,30.50,74.00,35.00,32.67,588.00,519.00,411.00,-107.80,177.00,1372.00
316.00,918.00,273.00,91.20,104.00,247.00,46.28,889.00,602.00,595.00,-6.60,294.00,2256.00
963.00,2976.00,1010.00,162.10,1076.00,550.00,110.74,2894.00,2013.00,2098.00,84.70,796.00,11575.00
727.00,2098.00,918.00,127.10,731.00,323.00,107.19,1969.00,1371.00,1445.00,74.20,523.00,7520.00
875.00,3049.00,1083.00,133.30,831.00,516.00,138.91,2916.00,2174.00,2103.00,-70.40,813.00,13905.00
1559.00,5733.00,1968.00,309.90,2377.00,1234.00,263.79,5732.00,4174.00,4491.00,316.70,1241.00,29616.00
58.00,284.00,80.00,11.30,7.00,-9.00,6.76,247.00,226.00,156.00,-70.40,91.00,418.00
20.00,203.00,70.00,7.20,15.00,-8.00,4.90,188.00,183.00,135.00,-48.00,53.00,393.00
34.00,164.00,74.00,8.00,2.00,41.00,5.38,177.00,130.00,132.00,1.50,46.00,181.00
43.00,308.00,84.00,12.70,10.00,-12.00,7.81,272.00,265.00,204.00,-60.80,69.00,273.00
516.00,1457.00,559.00,125.90,286.00,326.00,102.95,1410.00,941.00,1001.00,60.10,410.00,6823.00
883.00,2053.00,681.00,146.70,670.00,566.00,140.40,1963.00,1170.00,1163.00,-7.30,800.00,9506.00
637.00,2143.00,768.00,198.40,566.00,343.00,141.37,2116.00,1506.00,1508.00,2.20,609.00,8797.00
13.00,105.00,35.00,5.10,6.00,12.00,2.92,104.00,92.00,78.00,-14.10,26.00,122.00
764.00,3402.00,1444.00,162.00,1548.00,365.00,151.34,3309.00,2638.00,2450.00,-188.60,859.00,15648.00
47.00,278.00,115.00,11.10,10.00,15.00,9.48,259.00,231.00,190.00,-41.20,69.00,524.00
1695.00,5572.00,1861.00,321.30,1291.00,1058.00,389.98,5331.00,3877.00,3702.00,-174.60,1629.00,27748.00
763.00,3106.00,1202.00,274.90,1124.00,259.00,177.16,2974.00,2343.00,2260.00,-82.90,714.00,19033.00
906.00,3962.00,1849.00,295.60,1559.00,804.00,202.01,4068.00,3056.00,3245.00,189.00,824.00,16404.00
32.00,244.00,78.00,10.80,2.00,23.00,4.80,251.00,212.00,173.00,-39.00,78.00,305.00
314.00,1524.00,597.00,146.20,245.00,243.00,64.02,1586.00,1210.00,1149.00,-61.00,437.00,6176.00
835.00,3458.00,1353.00,282.30,659.00,461.00,207.52,3360.00,2623.00,2277.00,-346.00,1083.00,16261.00
88.00,259.00,91.00,20.60,61.00,61.00,14.02,255.00,171.00,172.00,1.00,83.00,771.00
1268.00,3428.00,1252.00,244.60,1264.00,900.00,170.06,3323.00,2160.00,2469.00,309.00,853.00,16174.00
376.00,1506.00,360.00,132.60,566.00,170.00,70.04,1509.00,1130.00,967.00,-163.00,542.00,6889.00
99.00,633.00,251.00,41.70,92.00,89.00,36.61,648.00,534.00,464.00,-70.00,183.00,1517.00
295.00,990.00,338.00,102.40,118.00,244.00,52.94,989.00,695.00,653.00,-42.00,336.00,2620.00
668.00,2952.00,1150.00,204.00,1206.00,514.00,127.39,3069.00,2284.00,2205.00,-79.00,864.00,13271.00
466.00,1969.00,942.00,177.30,814.00,440.00,123.14,2162.00,1503.00,1655.00,152.00,507.00,8536.00
726.00,3293.00,1237.00,258.40,974.00,561.00,159.48,3349.00,2567.00,2532.00,-35.00,818.00,14513.00
1474.00,6452.00,2480.00,441.30,2792.00,1065.00,306.02,6412.00,4978.00,4979.00,0.60,1433.00,32009.00
39.00,287.00,118.00,15.70,9.00,32.00,7.21,299.00,248.00,198.00,-50.00,101.00,479.00
15.00,229.00,79.00,8.70,18.00,5.00,4.75,230.00,214.00,156.00,-58.00,73.00,447.00
56.00,353.00,110.00,17.40,13.00,30.00,7.53,344.00,297.00,263.00,-34.00,81.00,308.00
391.00,1619.00,668.00,172.00,338.00,372.00,119.96,1730.00,1228.00,1248.00,20.00,482.00,7427.00
503.00,1796.00,369.00,174.50,803.00,343.00,156.18,1829.00,1293.00,1202.00,-90.00,627.00,10429.00
728.00,2535.00,971.00,254.60,656.00,467.00,167.42,2557.00,1807.00,1867.00,60.00,691.00,9957.00
7.00,120.00,40.00,3.00,7.00,1.00,2.28,115.00,113.00,81.00,-32.00,34.00,145.00
727.00,3606.00,1559.00,198.90,1757.00,454.00,172.57,3612.00,2879.00,2776.00,-103.00,836.00,17513.00
32.00,307.00,133.00,13.40,12.00,15.00,9.86,300.00,275.00,232.00,-42.00,68.00,580.00
1939.00,6111.00,2075.00,542.70,1529.00,1410.00,456.30,6225.00,4172.00,4349.00,177.00,1876.00,30657.00
904.00,3414.00,1500.00,333.50,1219.00,587.00,211.14,3508.00,2510.00,2698.00,188.00,810.00,20803.00
917.00,4395.00,1884.00,312.90,1819.00,568.00,233.13,4294.00,3478.00,3441.00,-37.00,853.00,19608.00
9.00,305.00,102.00,31.80,2.00,38.00,4.77,348.00,296.00,246.00,-50.00,102.00,330.00
535.00,1776.00,681.00,184.80,249.00,421.00,64.69,1794.00,1241.00,1326.00,84.00,469.00,7001.00
1016.00,3825.00,1431.00,346.50,761.00,825.00,235.84,3914.00,2809.00,2619.00,-190.00,1295.00,17638.00
200.00,362.00,86.00,33.00,52.00,72.00,15.68,258.00,162.00,169.00,7.00,90.00,856.00
1159.00,3965.00,1537.00,310.50,1526.00,976.00,204.19,4089.00,2806.00,3093.00,286.00,996.00,16339.00
353.00,1657.00,488.00,150.10,664.00,216.00,81.10,1663.00,1304.00,1288.00,-17.00,375.00,7739.00
170.00,820.00,322.00,49.10,103.00,129.00,42.98,805.00,650.00,609.00,-41.00,196.00,1722.00
469.00,1223.00,460.00,114.80,123.00,417.00,57.36,1269.00,754.00,861.00,107.00,408.00,2524.00
927.00,3484.00,1361.00,247.60,1415.00,518.00,146.97,3437.00,2557.00,2667.00,110.00,770.00,15158.00
663.00,2249.00,976.00,213.20,925.00,448.00,144.69,2251.00,1586.00,1781.00,195.00,470.00,9578.00
1074.00,4068.00,1527.00,291.50,1115.00,725.00,179.75,3932.00,2994.00,3053.00,59.00,879.00,18397.00
1462.00,7041.00,2603.00,527.20,3219.00,1014.00,370.52,6929.00,5579.00,5505.00,-74.00,1425.00,37754.00
29.00,316.00,111.00,18.10,12.00,17.00,10.40,319.00,287.00,215.00,-72.00,104.00,604.00
13.00,270.00,91.00,9.60,20.00,1.50,6.58,264.00,257.00,190.00,-66.00,74.00,534.00
21.00,215.00,126.00,13.10,4.00,102.00,7.71,306.00,194.00,246.00,52.00,60.00,286.00
53.00,404.00,150.00,23.40,15.00,60.00,8.76,436.00,351.00,328.00,-23.00,107.00,395.00
672.00,2005.00,742.00,206.90,387.00,506.00,136.36,1990.00,1333.00,1408.00,75.00,582.00,7614.00
1247.00,2652.00,595.00,161.20,916.00,968.00,179.04,2623.00,1405.00,1634.00,229.00,990.00,12255.00
1021.00,3204.00,1439.00,298.70,773.00,903.00,192.29,3384.00,2183.00,2539.00,356.00,845.00,10925.00
7.00,134.00,46.00,4.00,11.00,9.00,2.60,139.00,127.00,99.00,-28.00,40.00,167.00
1040.00,4132.00,1735.00,239.00,1762.00,660.00,195.12,4196.00,3092.00,3375.00,283.00,821.00,20693.00
57.00,371.00,170.00,22.90,14.00,62.00,11.63,393.00,314.00,294.00,-20.00,98.00,668.00
1688.00,7020.00,2337.00,693.80,1989.00,1014.00,524.28,6901.00,5332.00,5080.00,-252.00,1821.00,34352.00
1003.00,3915.00,1652.00,394.10,1449.00,551.00,251.73,3941.00,2912.00,3028.00,115.00,913.00,25078.00
1005.00,5284.00,2103.00,372.80,2122.00,673.00,283.01,5223.00,4279.00,4246.00,-33.00,977.00,24732.00
34.00,341.00,113.00,10.00,2.00,1.00,5.66,326.00,307.00,214.00,-93.00,111.00,387.00
504.00,1877.00,727.00,218.90,279.00,303.00,67.65,1855.00,1373.00,1435.00,62.10,420.00,7600.00
829.00,4318.00,1849.00,378.10,831.00,535.00,271.09,4324.00,3489.00,3211.00,-277.50,1113.00,21181.00
37.00,248.00,122.00,15.70,62.00,64.00,19.36,284.00,211.00,199.00,-12.00,85.00,978.00
1230.00,4466.00,1590.00,391.80,1871.00,735.00,250.68,4374.00,3236.00,3362.00,126.70,1011.00,22349.00
456.00,1897.00,650.00,160.60,795.00,289.00,102.50,1879.00,1441.00,1443.00,1.90,436.00,10015.00
188.00,886.00,398.00,69.00,118.00,254.00,63.83,985.00,698.00,768.00,69.80,216.00,2157.00
503.00,1405.00,458.00,198.30,138.00,410.00,64.29,1404.00,902.00,966.00,63.90,439.00,3065.00
826.00,3790.00,1441.00,291.10,1699.00,497.00,174.55,3778.00,2964.00,3002.00,38.70,776.00,17709.00
623.00,2520.00,1109.00,244.50,1066.00,412.00,173.33,2521.00,1897.00,2061.00,163.90,460.00,10673.00
867.00,4339.00,1810.00,396.60,1338.00,871.00,219.57,4596.00,3472.00,3618.00,145.80,978.00,21663.00
1971.00,8271.00,2937.00,633.50,3823.00,1277.00,442.64,8102.00,6300.00,6541.00,240.80,1561.00,45160.00
65.00,408.00,151.00,19.50,12.00,33.00,13.28,393.00,343.00,278.00,-65.00,115.00,680.00
37.00,339.00,119.00,11.20,28.00,10.00,8.62,318.00,302.00,225.00,-77.70,94.00,589.00
-5.00,269.00,117.00,2.10,2.00,11.00,8.42,287.00,274.00,231.00,-43.00,56.00,288.00
62.00,447.00,154.00,27.00,16.00,48.00,10.63,457.00,385.00,344.00,-41.20,114.00,477.00
764.00,2315.00,843.00,303.70,443.00,550.00,162.81,2261.00,1551.00,1659.00,107.80,602.00,9613.00
1273.00,2897.00,929.00,219.20,1041.00,833.00,218.23,2666.00,1624.00,1868.00,244.10,798.00,14088.00
1136.00,3488.00,1412.00,377.00,893.00,736.00,241.36,3415.00,2352.00,2571.00,218.50,845.00,14555.00
21.00,170.00,57.00,5.50,11.00,11.00,4.15,164.00,149.00,113.00,-36.00,51.00,185.00
1060.00,4549.00,1921.00,305.00,1994.00,654.00,231.89,4617.00,3489.00,3763.00,274.20,854.00,23199.00
64.00,460.00,216.00,20.80,18.00,84.00,15.25,492.00,396.00,381.00,-15.10,112.00,853.00
2450.00,8102.00,2919.00,814.60,2066.00,1802.00,621.03,8079.00,5652.00,6257.00,604.50,1822.00,41102.00
1038.00,4375.00,1852.00,448.90,1735.00,579.00,321.92,4279.00,3337.00,3475.00,137.20,804.00,27107.00
1237.00,5714.00,2387.00,470.90,2384.00,972.00,348.29,5768.00,4477.00,4715.00,238.20,1053.00,28284.00
68.00,357.00,126.00,16.70,2.00,75.00,7.35,392.00,289.00,258.00,-31.60,134.00,412.00
636.00,2168.00,769.00,265.40,333.00,528.00,86.66,2266.00,1532.00,1669.00,136.70,598.00,9084.00
1283.00,5194.00,2027.00,577.80,925.00,994.00,328.66,5219.00,3911.00,3945.00,34.00,1275.00,22610.00
118.00,335.00,136.00,25.50,70.00,95.00,25.10,327.00,217.00,228.00,11.00,98.00,1128.00
1368.00,4969.00,1726.00,470.00,2160.00,952.00,341.90,4844.00,3601.00,3727.00,126.00,1117.00,24777.00
438.00,2045.00,695.00,206.40,910.00,393.00,138.10,2121.00,1607.00,1702.00,95.00,419.00,11147.00
197.00,918.00,373.00,88.00,142.00,226.00,78.40,992.00,721.00,783.00,61.00,209.00,2436.00
653.00,1611.00,514.00,212.50,133.00,524.00,77.39,1611.00,958.00,1081.00,123.00,530.00,3299.00
1091.00,4427.00,1534.00,349.10,1932.00,625.00,210.45,4401.00,3336.00,3483.00,147.00,918.00,20214.00
849.00,2897.00,1197.00,293.00,1233.00,604.00,222.14,2889.00,2048.00,2298.00,250.00,591.00,12213.00
1118.00,4995.00,1877.00,432.90,1578.00,723.00,259.33,4823.00,3877.00,3779.00,-98.00,1044.00,24492.00
2425.00,9954.00,3446.00,756.60,4401.00,1844.00,588.13,9737.00,7529.00,7903.00,374.00,1835.00,55674.00
48.00,380.00,155.00,18.70,13.00,71.00,16.14,423.00,332.00,299.00,-33.00,123.00,720.00
37.00,346.00,130.00,11.40,31.00,31.00,11.17,351.00,309.00,259.00,-50.00,92.00,761.00
105.00,409.00,130.00,0.90,3.00,-3.00,11.78,303.00,304.00,240.00,-64.00,64.00,312.00
126.00,473.00,181.00,35.70,12.00,141.00,13.89,515.00,347.00,393.00,46.00,122.00,545.00
611.00,2352.00,938.00,310.40,525.00,574.00,206.14,2475.00,1741.00,1846.00,105.00,629.00,11025.00
1106.00,2906.00,990.00,233.70,1228.00,909.00,266.10,2887.00,1800.00,2021.00,221.00,866.00,16980.00
936.00,3604.00,1405.00,437.00,1073.00,581.00,316.84,3565.00,2668.00,2698.00,30.00,868.00,15794.00
46.00,180.00,56.00,7.40,11.00,30.00,5.93,167.00,134.00,115.00,-19.00,52.00,204.00
1348.00,5600.00,2339.00,366.50,2489.00,919.00,295.68,5662.00,4252.00,4731.00,479.00,931.00,27134.00
173.00,600.00,227.00,27.80,21.00,89.00,19.93,525.00,427.00,420.00,-7.00,105.00,936.00
2761.00,9384.00,3610.00,1041.90,2449.00,2482.00,779.34,9637.00,6623.00,7654.00,1031.00,1983.00,46926.00
1307.00,4801.00,2092.00,529.90,1938.00,1055.00,440.42,4883.00,3494.00,3971.00,477.00,912.00,30623.00
1261.00,6608.00,2741.00,590.00,2650.00,967.10,418.09,6581.00,5347.00,5505.00,157.60,1076.00,33336.00
61.00,419.00,128.00,20.00,0.00,25.80,7.39,398.00,358.00,258.00,-100.10,140.00,508.00
972.00,2749.00,932.00,260.00,420.00,567.50,102.27,2689.00,1777.00,1920.00,143.80,769.00,10621.00
1714.00,6036.00,2381.00,750.00,1140.00,1594.60,299.42,6217.00,4322.00,4888.00,566.10,1329.00,26429.00
148.00,431.00,162.00,30.00,90.00,96.10,28.22,395.00,283.00,275.00,-7.20,120.00,1257.00
2131.00,5510.00,1993.00,530.00,2400.00,1798.20,427.81,5470.00,3379.00,4082.00,702.70,1388.00,27996.00
540.00,2453.00,776.00,240.00,1070.00,385.70,146.50,2397.00,1913.00,1933.00,19.70,464.00,13636.00
363.00,1170.00,444.00,110.00,160.00,278.60,87.05,1118.00,807.00,902.00,94.80,217.00,2815.00
588.00,1746.00,600.00,220.00,160.00,661.20,91.01,2021.00,1158.00,1249.00,91.20,772.00,3614.00
1349.00,5241.00,1842.00,440.00,2330.00,558.50,253.01,4979.00,3892.00,3971.00,78.90,1008.00,23300.00
949.00,3352.00,1477.00,340.00,1340.00,798.50,262.59,3376.00,2403.00,2825.00,422.00,552.00,14098.00
1284.00,5829.00,2439.00,510.00,1750.00,1019.30,221.27,5899.00,4545.00,4746.00,200.70,1153.00,30472.00
2300.00,10999.00,3792.00,880.00,5120.00,1610.90,676.01,10772.00,8699.00,8754.00,54.70,2019.00,64433.00
85.00,481.00,151.00,30.00,20.00,39.60,18.70,453.00,396.00,307.00,-88.50,146.00,821.00
55.00,408.00,160.00,20.00,40.00,41.20,13.88,406.00,353.00,311.00,-42.20,95.00,890.00
50.00,512.00,153.00,30.00,0.00,-94.40,13.75,502.00,462.00,305.00,-157.10,197.00,341.00
102.00,519.00,182.00,40.00,20.00,101.90,16.04,552.00,417.00,422.00,5.20,130.00,655.00
1008.00,3179.00,1113.00,370.00,670.00,616.20,242.20,3051.00,2171.00,2191.00,19.60,861.00,10904.00
1463.00,3439.00,957.00,330.00,1290.00,1242.20,307.63,3400.00,1976.00,2520.00,544.20,880.00,18883.00
996.00,4644.00,1866.00,500.00,1220.00,544.80,355.41,4728.00,3648.00,3480.00,-168.00,1248.00,20710.00
33.00,193.00,61.00,10.00,10.00,20.20,8.52,183.00,160.00,128.00,-31.40,55.00,234.00
1466.00,6554.00,2985.00,460.00,3120.00,1126.30,345.41,6621.00,5088.00,5641.00,553.40,980.00,31339.00
128.00,623.00,264.00,40.00,30.00,85.60,23.84,613.00,495.00,497.00,1.70,116.00,1031.00
3818.00,12128.00,4711.00,1280.00,3160.00,3067.60,830.98,12240.00,8310.00,9539.00,1228.30,2702.00,55506.00
1827.00,5936.00,2824.00,630.00,2130.00,1633.70,549.29,6028.00,4109.00,5128.00,1018.90,900.00,34797.00
1567.00,7849.00,3121.00,700.00,3060.00,1125.30,486.37,7758.00,6282.00,6452.00,169.60,1306.00,40659.00
4.00,450.00,137.00,20.00,0.00,-20.30,7.90,443.00,446.00,288.00,-158.20,156.00,629.00
313.00,2731.00,1113.00,90.00,510.00,254.70,119.88,2763.00,2418.00,2148.00,-269.70,615.00,11848.00
1903.00,6757.00,3073.00,1000.00,1310.00,1617.00,341.35,6805.00,4854.00,5739.00,885.00,1066.00,29519.00
77.00,399.00,181.00,60.00,110.00,125.30,37.46,466.00,322.00,332.00,9.50,135.00,1551.00
2219.00,6882.00,2344.00,720.00,2890.00,1875.70,479.19,6908.00,4663.00,5238.00,575.60,1670.00,30632.00
500.00,2742.00,781.00,320.00,1300.00,374.70,177.26,2727.00,2242.00,2274.00,32.20,453.00,16339.00
1283.00,2275.00,495.00,150.00,190.00,223.80,100.55,2341.00,992.00,983.00,-9.90,1358.00,3317.00
239.00,1864.00,732.00,390.00,160.00,448.70,96.24,2286.00,1625.00,1521.00,-104.00,764.00,4110.00
1504.00,6279.00,2299.00,520.00,2900.00,917.80,313.37,6248.00,4775.00,4954.00,178.70,1294.00,30092.00
1081.00,3933.00,1594.00,480.00,1670.00,803.40,295.36,4005.00,2852.00,3216.00,364.30,789.00,17530.00
1061.00,6438.00,2664.00,610.00,2120.00,984.00,260.43,6637.00,5377.00,5421.00,43.80,1217.00,32609.00
3201.00,12974.00,4601.00,1160.00,5950.00,1656.90,785.41,12052.00,9773.00,10049.00,276.10,2003.00,73406.00
56.00,507.00,185.00,30.00,10.00,69.10,18.70,533.00,451.00,378.00,-73.30,156.00,986.00
57.00,461.00,189.00,20.00,40.00,72.20,15.28,492.00,404.00,368.00,-35.60,124.00,1037.00
-2.00,398.00,173.00,10.00,0.00,4.80,17.13,414.00,400.00,321.00,-79.00,93.00,465.00
91.00,586.00,179.00,50.00,20.00,95.70,18.84,648.00,495.00,489.00,-6.30,159.00,786.00
1130.00,3577.00,1310.00,480.00,670.00,913.20,281.61,3640.00,2447.00,2635.00,187.70,1005.00,14012.00
1169.00,4885.00,1099.00,360.00,1540.00,1150.50,357.30,5012.00,3716.00,4197.00,480.90,816.00,22842.00
1935.00,6064.00,2036.00,620.00,1550.00,792.40,416.34,5810.00,4129.00,4080.00,-48.50,1729.00,23012.00
24.00,206.00,73.00,20.00,10.00,41.10,9.29,228.00,182.00,155.00,-27.40,73.00,259.00
2604.00,9380.00,3433.00,560.00,3730.00,1299.90,390.69,9600.00,6776.00,8680.00,1903.90,920.00,36957.00
71.00,634.00,286.00,50.00,30.00,93.90,28.17,677.00,563.00,548.00,-15.60,129.00,1165.00
3666.00,13341.00,4443.00,1710.00,3500.00,2836.60,958.22,13246.00,9675.00,10399.00,724.60,2847.00,64677.00
1487.00,6165.00,2716.00,830.00,2450.00,1143.70,663.96,6191.00,4678.00,5324.00,646.10,867.00,40380.00
1937.00,9003.00,3662.00,830.00,3390.00,1569.30,560.30,8984.00,7066.00,7190.00,123.80,1793.00,44395.00
-18.00,485.00,172.00,20.00,0.00,-9.30,9.66,503.00,503.00,340.00,-163.20,163.00,741.00
560.00,3173.00,1138.00,410.00,520.00,208.10,130.99,3136.00,2613.00,2451.00,-162.30,685.00,13048.00
1738.00,7702.00,3143.00,1240.00,1560.00,1330.90,382.54,7743.00,5964.00,6570.00,606.00,1174.00,31914.00
72.00,461.00,192.00,60.00,140.00,90.30,35.03,499.00,389.00,380.00,-8.50,119.00,1872.00
1892.00,7803.00,2456.00,930.00,3460.00,1173.60,551.75,7987.00,5911.00,6211.00,299.80,1776.00,40316.00
537.00,2915.00,955.00,340.00,1450.00,444.10,199.48,2956.00,2378.00,2379.00,1.70,577.00,17343.00
285.00,1338.00,581.00,180.00,220.00,311.50,122.28,1447.00,1053.00,1146.00,93.10,301.00,3824.00
232.00,2281.00,887.00,360.00,210.00,203.50,105.28,2321.00,2049.00,1782.00,-267.00,539.00,4558.00
1305.00,6727.00,2557.00,590.00,3100.00,1386.00,360.20,7100.00,5422.00,5592.00,170.00,1508.00,33036.00
1134.00,4453.00,1791.00,540.00,1890.00,732.00,343.12,4363.00,3319.00,3656.00,337.40,707.00,19937.00
1340.00,7783.00,3020.00,740.00,2330.00,876.30,298.82,7663.00,6443.00,6157.00,-285.30,1505.00,36583.00
2481.00,13299.00,5561.00,1340.00,6560.00,2585.60,899.52,14014.00,10818.00,11547.00,728.50,2467.00,90921.00
338.00,818.00,196.00,40.00,20.00,18.20,18.90,824.00,480.00,398.00,-82.20,426.00,1093.00
64.00,493.00,198.00,30.00,40.00,93.10,18.20,543.00,429.00,410.00,-18.20,133.00,1152.00
62.00,483.00,200.00,30.00,10.00,59.50,19.67,490.00,421.00,374.00,-47.20,116.00,533.00
214.00,728.00,224.00,60.00,20.00,138.20,23.85,857.00,514.00,527.00,13.00,330.00,918.00
990.00,3903.00,1492.00,540.00,760.00,740.10,308.69,3915.00,2913.00,3049.00,135.70,866.00,15138.00
4309.00,7096.00,1058.00,410.00,1760.00,1252.00,401.25,4208.00,2787.00,3423.00,635.60,785.00,26275.00
1314.00,6202.00,2393.00,740.00,1730.00,1158.70,475.34,6347.00,4888.00,4997.00,109.50,1350.00,27047.00
51.00,260.00,81.00,20.00,10.00,34.10,9.89,250.00,209.00,180.00,-29.50,70.00,267.00
2842.00,9858.00,3929.00,690.00,4160.00,1749.10,444.71,9748.00,7016.00,8543.00,1526.20,1206.00,43010.00
118.00,722.00,261.00,60.00,30.00,23.00,32.78,657.00,604.00,550.00,-53.90,107.00,1231.00
4678.00,16354.00,5573.00,2040.00,3890.00,3710.90,1051.26,16135.00,11676.00,12691.00,1014.50,3445.00,70704.00
1597.00,6824.00,2747.00,970.00,2610.00,1012.50,783.25,6646.00,5227.00,5664.00,436.60,983.00,43290.00
2553.00,10804.00,3919.00,1030.00,3830.00,1833.20,652.51,10541.00,8251.00,8018.00,-232.30,2523.00,57867.00
-37.00,509.00,198.00,30.00,0.00,16.10,17.36,575.00,546.00,399.00,-147.50,176.00,893.00
164.00,3482.00,1397.00,490.00,610.00,-17.90,156.88,3620.00,3318.00,2901.00,-416.30,719.00,15143.00
1752.00,8381.00,3434.00,1350.00,1750.00,1339.30,399.99,8433.00,6629.00,7319.00,689.50,1115.00,22812.00
86.00,550.00,216.00,70.00,190.00,59.60,38.85,558.00,464.00,431.00,-33.20,128.00,2397.00
1606.00,8636.00,2844.00,1050.00,3940.00,526.40,623.07,8408.00,7030.00,6934.00,-96.20,1474.00,49194.00
682.00,4164.00,1093.00,420.00,1590.00,479.90,224.50,4109.00,3482.00,3401.00,-80.50,708.00,22131.00
372.00,1837.00,621.00,210.00,260.00,152.10,143.79,1691.00,1465.00,1352.00,-113.60,339.00,4783.00
243.00,2470.00,901.00,280.00,230.00,87.70,147.28,2593.00,2227.00,1768.00,-459.00,825.00,6343.00
1896.00,8221.00,3063.00,720.00,3810.00,1254.00,399.59,8089.00,6325.00,6208.00,-116.40,1881.00,26326.00
1316.00,5238.00,2061.00,690.00,2340.00,935.20,391.51,5138.00,3922.00,4293.00,371.30,845.00,37971.00
1733.00,8803.00,3508.00,870.00,2680.00,982.50,379.67,8878.00,7070.00,7518.00,448.10,1360.00,14171.00
2937.00,15924.00,6204.00,1510.00,7700.00,2265.30,1068.38,15983.00,12987.00,13109.00,121.90,2874.00,113320.00
162.00,741.00,210.00,50.00,20.00,-20.40,24.44,637.00,579.00,438.00,-140.90,200.00,1308.00
160.00,661.00,238.00,30.00,50.00,87.60,21.23,682.00,501.00,483.00,-17.90,199.00,1511.00
17.00,520.00,212.00,20.00,10.00,7.60,26.06,522.00,503.00,419.00,-83.90,103.00,711.00
305.00,937.00,269.00,60.00,20.00,174.20,23.89,932.00,632.00,680.00,47.20,252.00,1375.00
1315.00,4523.00,1747.00,680.00,860.00,901.50,338.50,4456.00,3208.00,3482.00,274.40,973.00,18537.00
1696.00,4973.00,1335.00,1040.00,2150.00,1493.40,428.19,5221.00,3277.00,4044.00,766.90,1177.00,30248.00
1764.00,7361.00,2783.00,890.00,1950.00,1470.00,531.09,7427.00,5597.00,5898.00,300.70,1529.00,32970.00
27.00,252.00,90.00,20.00,10.00,30.70,10.10,263.00,225.00,189.00,-36.00,74.00,403.00
2126.00,10192.00,4251.00,960.00,4800.00,1357.60,517.59,10062.00,8066.00,8758.00,691.90,1304.00,57549.00
132.00,775.00,324.00,70.00,40.00,111.00,40.57,785.00,643.00,643.00,0.30,142.00,1777.00
3542.00,15673.00,5212.00,2110.00,4130.00,3165.80,1240.63,16275.00,12131.00,13280.00,1148.70,2995.00,80451.00
1940.00,7861.00,3323.00,1170.00,2910.00,1671.90,894.72,7973.00,5921.00,6906.00,984.30,1067.00,53424.00
567.00,1134.00,386.00,0.00,550.00,231.70,141.49,800.00,567.00,508.00,-59.00,292.00,20992.00
3381.00,12167.00,4265.00,1260.00,4230.00,2348.50,754.18,12459.00,8786.00,9514.00,727.80,2945.00,68923.00
61.00,667.00,217.00,30.00,10.00,73.20,20.69,691.00,606.00,439.00,-166.60,252.00,970.00
2356.00,5317.00,1538.00,590.00,630.00,710.60,170.43,3998.00,2961.00,3271.00,309.30,727.00,17551.00
1809.00,8607.00,3524.00,1560.00,1840.00,1342.10,431.83,8555.00,6798.00,7731.00,933.40,823.00,25945.00
104.00,638.00,223.00,70.00,230.00,44.50,44.17,601.00,534.00,477.00,-56.20,124.00,2838.00
1915.00,9721.00,3273.00,1190.00,4740.00,1292.40,713.34,9498.00,7806.00,7544.00,-262.20,1954.00,63516.00
1128.00,7010.00,1304.00,490.00,1890.00,534.60,249.00,6912.00,5882.00,6273.00,390.50,639.00,26245.00
387.00,1693.00,731.00,220.00,300.00,620.40,164.83,2009.00,1306.00,1614.00,307.90,394.00,5825.00
312.00,3339.00,1047.00,580.00,240.00,-23.40,158.77,3339.00,3027.00,2324.00,-702.50,1015.00,6977.00
2067.00,9035.00,3449.00,870.00,4290.00,1512.90,443.45,8859.00,6968.00,7265.00,296.20,1595.00,31877.00
1692.00,6358.00,2387.00,820.00,2800.00,1108.70,436.95,5959.00,4666.00,5066.00,399.90,892.00,42339.00
1912.00,9530.00,3854.00,1090.00,2870.00,1416.90,445.86,9315.00,7618.00,7809.00,190.50,1506.00,15562.00
5543.00,20633.00,6723.00,1760.00,9450.00,2861.40,1245.54,20026.00,15090.00,14812.00,-277.30,5214.00,130073.00
54.00,646.00,241.00,50.00,20.00,62.10,32.39,675.00,592.00,508.00,-83.70,167.00,1405.00
67.00,597.00,216.00,40.00,60.00,35.30,24.10,587.00,530.00,457.00,-73.30,130.00,1665.00
59.00,597.00,239.00,30.00,10.00,38.40,29.22,592.00,538.00,464.00,-74.90,129.00,739.00
169.00,800.00,299.00,80.00,20.00,238.80,26.38,906.00,631.00,722.00,90.80,184.00,1596.00
1512.00,5088.00,1864.00,790.00,920.00,1158.90,369.82,4982.00,3576.00,4036.00,459.60,947.00,22224.00
2059.00,7360.00,1565.00,1240.00,2600.00,1785.20,470.71,7505.00,5301.00,6043.00,741.80,1463.00,34218.00
2160.00,8482.00,3291.00,1040.00,2310.00,1762.70,599.68,8421.00,6322.00,6747.00,424.80,1675.00,41487.00
59.00,605.00,101.00,30.00,10.00,45.70,11.50,601.00,546.00,526.00,-19.80,75.00,440.00
2702.00,11921.00,4550.00,1090.00,5830.00,1496.40,559.68,11432.00,9219.00,9635.00,415.60,1797.00,68666.00
148.00,889.00,383.00,80.00,40.00,110.00,48.53,880.00,741.00,706.00,-35.60,175.00,1881.00
8796.00,22189.00,6031.00,3090.00,4880.00,4766.50,1362.73,21062.00,13393.00,15396.00,2002.70,5666.00,94019.00
2739.00,9603.00,3827.00,1330.00,3730.00,1965.30,973.42,9283.00,6864.00,7631.00,767.10,1652.00,62032.00
1980.00,3960.00,1155.00,0.00,1790.00,388.90,158.36,2407.00,1980.00,1431.00,-549.60,976.00,25847.00
4457.00,14332.00,5507.00,1530.00,4120.00,2416.80,832.82,14301.00,9875.00,10614.00,738.90,3687.00,79854.00
60.00,814.00,263.00,40.00,10.00,39.80,24.12,803.00,754.00,507.00,-246.50,296.00,1184.00
1205.00,4581.00,1815.00,490.00,700.00,652.20,184.01,4390.00,3376.00,3576.00,200.00,815.00,19411.00
1727.00,9104.00,3796.00,1670.00,1970.00,1570.60,472.90,9417.00,7377.00,8456.00,1078.90,961.00,24483.00
110.00,928.00,257.00,90.00,270.00,97.30,51.26,943.00,818.00,785.00,-32.90,158.00,3319.00
2545.00,11089.00,3666.00,1330.00,5320.00,1745.60,830.24,10811.00,8544.00,8766.00,222.00,2045.00,71886.00
3938.00,8953.00,1698.00,560.00,2170.00,986.00,269.79,6131.00,5015.00,5362.00,346.80,770.00,29789.00
40.00,1794.00,881.00,280.00,340.00,521.40,173.90,2350.00,1754.00,1904.00,150.30,446.00,6698.00
316.00,3572.00,1223.00,440.00,290.00,96.60,184.27,3573.00,3256.00,2516.00,-740.70,1057.00,8097.00
1722.00,10265.00,3995.00,1050.00,5270.00,1456.80,495.87,10406.00,8543.00,8481.00,-62.30,1925.00,38762.00
1563.00,6987.00,2691.00,920.00,3380.00,1302.70,478.83,6922.00,5424.00,5826.00,402.80,1096.00,47841.00
1748.00,10402.00,4416.00,1160.00,3520.00,1633.40,496.47,10582.00,8654.00,9131.00,477.40,1451.00,17177.00
5012.00,21571.00,8361.00,2060.00,10930.00,4150.80,1462.28,21377.00,16559.00,17168.00,609.10,4208.00,157818.00
75.00,767.00,307.00,60.00,30.00,104.70,40.62,811.00,692.00,619.00,-72.90,192.00,1627.00
99.00,783.00,288.00,50.00,70.00,51.90,26.10,779.00,684.00,580.00,-103.50,198.00,1995.00
62.00,689.00,292.00,30.00,10.00,70.70,31.54,715.00,627.00,565.00,-62.30,150.00,937.00
174.00,955.00,364.00,80.00,20.00,231.00,30.06,1040.00,781.00,845.00,64.10,195.00,1814.00
1504.00,5395.00,2188.00,930.00,1130.00,1395.90,407.24,5563.00,3891.00,4698.00,807.10,865.00,27118.00
1816.00,7001.00,1767.00,1490.00,2650.00,1364.60,511.40,7004.00,5185.00,5635.00,450.20,1369.00,38615.00
2829.00,10459.00,3912.00,1230.00,2730.00,2574.30,662.39,10907.00,7630.00,8332.00,701.90,2576.00,47313.00
45.00,986.00,151.00,30.00,20.00,40.10,12.89,993.00,941.00,881.00,-60.00,111.00,520.00
2331.00,12930.00,5145.00,1290.00,7150.00,1255.90,638.48,12532.00,10599.00,10911.00,311.30,1621.00,78205.00
104.00,1041.00,429.00,90.00,50.00,33.90,53.58,990.00,937.00,787.00,-150.70,203.00,2296.00
6386.00,21601.00,6466.00,3330.00,5470.00,4380.60,1540.61,20787.00,15215.00,17556.00,2340.70,3231.00,106249.00
2939.00,10315.00,4097.00,1620.00,4130.00,2696.30,1144.19,10509.00,7376.00,8626.00,1250.20,1883.00,73865.00
2297.00,4594.00,1365.00,90.00,2110.00,555.90,215.67,2952.00,2297.00,1877.00,-419.40,1074.00,28390.00
4457.00,15650.00,6284.00,1840.00,4880.00,2811.50,904.56,16265.00,11193.00,14392.00,3199.10,1872.00,90147.00
82.00,891.00,317.00,50.00,10.00,70.10,23.71,891.00,809.00,602.00,-206.70,288.00,1212.00
379.00,4235.00,1708.00,560.00,770.00,73.80,194.90,4267.00,3856.00,3571.00,-284.50,695.00,21017.00
-5116.00,2922.00,4014.00,1420.00,2250.00,890.60,498.46,9407.00,8038.00,8254.00,216.00,1153.00,32541.00
134.00,944.00,292.00,100.00,300.00,104.00,58.41,946.00,810.00,789.00,-21.50,157.00,3965.00
2762.00,12430.00,4068.00,1610.00,6070.00,2358.30,909.56,12576.00,9668.00,10259.00,591.40,2317.00,85837.00
1523.00,7571.00,1628.00,720.00,2140.00,1099.40,293.08,7831.00,6048.00,6767.00,718.70,1064.00,35642.00
726.00,2718.00,994.00,310.00,410.00,572.00,181.42,2633.00,1992.00,2147.00,154.90,486.00,7755.00
238.00,3928.00,1393.00,490.00,290.00,166.20,196.73,4021.00,3690.00,2899.00,-791.60,1123.00,9124.00
2404.00,12026.00,4526.00,1210.00,5770.00,1944.00,580.79,11981.00,9622.00,10201.00,578.90,1779.00,44460.00
1818.00,7963.00,3215.00,1100.00,3900.00,1542.50,523.18,7943.00,6145.00,6788.00,643.00,1154.00,55049.00
3453.00,13467.00,5267.00,1380.00,4100.00,1926.30,527.31,13093.00,10014.00,11462.00,1447.80,1631.00,19404.00
5596.00,24851.00,9195.00,2450.00,11720.00,4953.70,1607.41,25005.00,19255.00,20846.00,1590.60,4159.00,179311.00
288.00,1096.00,384.00,70.00,10.00,167.50,41.85,1014.00,808.00,708.00,-100.00,306.00,1898.00
126.00,857.00,314.00,60.00,80.00,23.10,28.19,785.00,731.00,617.00,-113.50,168.00,2198.00
78.00,746.00,343.00,50.00,10.00,125.30,33.54,810.00,668.00,621.00,-46.90,189.00,1072.00
143.00,1017.00,353.00,100.00,30.00,184.20,32.25,1096.00,874.00,865.00,-8.80,231.00,2024.00
1890.00,6177.00,2467.00,1080.00,1340.00,1602.00,429.38,6310.00,4287.00,5117.00,830.50,1193.00,26504.00
2295.00,7864.00,1231.00,1630.00,2740.00,1464.70,510.09,7547.00,5569.00,6926.00,1357.10,622.00,44198.00
3182.00,10742.00,4324.00,1550.00,3120.00,2506.50,711.73,10964.00,7560.00,8426.00,866.00,2539.00,57516.00
58.00,1216.00,166.00,30.00,20.00,55.90,14.09,1241.00,1158.00,1119.00,-38.70,122.00,592.00
3428.00,15389.00,6210.00,1480.00,7980.00,2445.00,685.61,15402.00,11961.00,13065.00,1103.60,2337.00,89237.00
127.00,1156.00,517.00,110.00,60.00,121.70,46.25,1179.00,1029.00,907.00,-121.80,272.00,2757.00
7017.00,23046.00,7693.00,4060.00,6310.00,5956.20,1677.76,23017.00,16029.00,19208.00,3179.10,3809.00,127778.00
4922.00,13149.00,4991.00,1940.00,4260.00,3396.90,1241.53,13032.00,8227.00,10362.00,2135.20,2670.00,82075.00
2796.00,5592.00,1714.00,190.00,2530.00,690.00,255.69,3515.00,2796.00,2032.00,-764.20,1484.00,33803.00
4863.00,18704.00,6759.00,2150.00,7110.00,2427.80,998.75,17745.00,13841.00,14544.00,703.20,3201.00,95782.00
79.00,916.00,334.00,60.00,10.00,121.00,28.37,972.00,837.00,665.00,-172.30,307.00,1337.00
660.00,4986.00,1892.00,640.00,880.00,142.10,201.92,5022.00,4326.00,4039.00,-287.10,984.00,22806.00
2521.00,11214.00,4375.00,1540.00,2390.00,981.40,528.07,10216.00,8693.00,8957.00,263.90,1259.00,33662.00
166.00,1274.00,350.00,120.00,370.00,124.60,66.42,1270.00,1108.00,1122.00,14.10,148.00,4921.00
3838.00,14963.00,4953.00,1880.00,6590.00,3174.50,1003.28,14875.00,11125.00,12143.00,1017.80,2732.00,91188.00
1882.00,7780.00,1829.00,820.00,2370.00,1127.60,299.11,7806.00,5898.00,6617.00,719.40,1188.00,38649.00
1147.00,3317.00,1242.00,370.00,480.00,1202.20,194.82,3453.00,2170.00,2699.00,528.70,754.00,8837.00
112.00,4400.00,1623.00,590.00,370.00,443.60,221.02,4893.00,4288.00,3480.00,-808.00,1414.00,10286.00
2577.00,13190.00,4886.00,1390.00,6410.00,1609.80,605.55,12601.00,10613.00,10890.00,276.80,1710.00,49484.00
2414.00,9532.00,4239.00,1290.00,4500.00,2413.90,585.03,9818.00,7118.00,8241.00,1122.90,1577.00,60062.00
3120.00,14377.00,5622.00,1660.00,4560.00,1820.60,549.09,14225.00,11257.00,11726.00,469.30,2498.00,21658.00
7602.00,27919.00,10609.00,2900.00,13720.00,6442.20,1620.13,27675.00,20317.00,22897.00,2579.90,4779.00,195168.00
161.00,1024.00,416.00,80.00,40.00,187.50,45.29,1133.00,863.00,798.00,-65.30,335.00,2158.00
163.00,860.00,338.00,60.00,70.00,126.50,32.18,851.00,697.00,685.00,-11.60,166.00,2497.00
186.00,908.00,320.00,70.00,10.00,124.20,39.51,870.00,722.00,662.00,-59.90,208.00,1123.00
136.00,1129.00,370.00,110.00,30.00,203.90,35.77,1230.00,993.00,1004.00,10.90,226.00,2324.00
2497.00,7129.00,2636.00,1290.00,1420.00,1802.50,429.75,6854.00,4632.00,5537.00,904.50,1318.00,32235.00
2946.00,9297.00,2242.00,1850.00,3040.00,2477.60,557.94,9472.00,6351.00,7835.00,1483.90,1636.00,48704.00
4690.00,13094.00,4697.00,1900.00,3610.00,2552.00,771.66,12685.00,8404.00,8986.00,581.80,3699.00,64061.00
77.00,1377.00,188.00,40.00,30.00,66.90,17.05,1394.00,1300.00,1258.00,-41.40,136.00,680.00
3885.00,17472.00,6654.00,1760.00,8690.00,2121.70,738.87,17333.00,13587.00,14951.00,1363.90,2383.00,103550.00
183.00,1265.00,594.00,120.00,70.00,195.80,45.42,1350.00,1082.00,1060.00,-21.70,290.00,3298.00
8357.00,25928.00,9080.00,4690.00,7000.00,7576.00,1797.41,26626.00,17571.00,22195.00,4623.90,4431.00,137561.00
4641.00,13669.00,5180.00,2410.00,4520.00,4007.70,1364.22,13557.00,9028.00,11322.00,2294.10,2235.00,97966.00
3481.00,6962.00,2043.00,310.00,2940.00,726.40,253.39,4211.00,3481.00,2322.00,-1158.70,1889.00,41235.00
6814.00,21074.00,8927.00,2640.00,7960.00,5705.60,1100.54,21958.00,14260.00,16944.00,2684.10,5014.00,114937.00
106.00,1030.00,332.00,70.00,10.00,55.40,59.26,1004.00,924.00,747.00,-177.10,257.00,1515.00
761.00,5268.00,2151.00,520.00,980.00,338.20,228.00,5204.00,4507.00,4416.00,-90.20,788.00,25558.00
6772.00,16044.00,5354.00,1870.00,2670.00,2378.90,557.82,12171.00,9272.00,10623.00,1350.50,1549.00,39033.00
366.00,1513.00,415.00,140.00,360.00,269.10,71.50,1458.00,1147.00,1288.00,140.80,170.00,6075.00
6212.00,18955.00,6609.00,2260.00,7620.00,5619.00,1098.62,19172.00,12743.00,15606.00,2863.40,3566.00,105305.00
3030.00,8509.00,2474.00,1000.00,3120.00,2240.40,334.95,8581.00,5479.00,7019.00,1540.20,1562.00,43646.00
768.00,3080.00,1553.00,500.00,570.00,1661.50,219.00,4167.00,2312.00,3334.00,1022.30,833.00,10696.00
1261.00,5770.00,1496.00,670.00,440.00,1054.40,250.77,5849.00,4509.00,4909.00,400.20,940.00,11415.00
3676.00,14906.00,5851.00,1620.00,6940.00,3112.10,652.19,14886.00,11230.00,12446.00,1215.20,2440.00,56204.00
3047.00,10245.00,4660.00,1450.00,4650.00,3012.20,670.08,10611.00,7198.00,9228.00,2030.00,1383.00,69216.00
4244.00,15590.00,6887.00,1830.00,5110.00,4126.70,603.12,15968.00,11346.00,14218.00,2871.80,1751.00,24061.00
9335.00,31072.00,11407.00,3670.00,14200.00,7462.40,1866.74,30317.00,21737.00,25663.00,3925.90,4654.00,209699.00
159.00,1056.00,391.00,90.00,30.00,106.20,48.83,1116.00,897.00,789.00,-108.10,327.00,2430.00
248.00,1081.00,390.00,70.00,90.00,147.30,37.00,1008.00,833.00,815.00,-17.30,192.00,2939.00
92.00,827.00,379.00,70.00,10.00,132.30,41.47,893.00,735.00,691.00,-44.10,202.00,1246.00
395.00,1431.00,415.00,140.00,40.00,243.20,41.85,1491.00,1036.00,1049.00,13.40,441.00,2385.00
3570.00,8124.00,3246.00,1490.00,1490.00,2915.50,439.01,8642.00,4554.00,6819.00,2264.80,1823.00,35581.00
4431.00,10187.00,3054.00,2320.00,3260.00,3779.30,615.29,10963.00,5756.00,8384.00,2628.70,2578.00,55736.00
4638.00,13217.00,5953.00,2240.00,3940.00,5150.90,842.35,14314.00,8579.00,11576.00,2996.30,2739.00,73180.00
194.00,1635.00,254.00,50.00,30.00,146.90,20.18,1621.00,1441.00,1496.00,54.90,126.00,787.00
4591.00,18852.00,8153.00,2120.00,9630.00,4777.10,861.54,19880.00,14261.00,17697.00,3436.60,2182.00,118209.00
292.00,1560.00,673.00,140.00,80.00,118.40,47.10,1531.00,1268.00,1176.00,-92.70,355.00,3814.00
12655.00,30034.00,10477.00,5520.00,7910.00,11632.50,1927.67,31462.00,17379.00,26075.00,8696.20,5388.00,153853.00
7706.00,17093.00,6626.00,2950.00,4780.00,7109.10,1504.34,17153.00,9387.00,14243.00,4856.20,2910.00,115516.00
3660.00,7320.00,2245.00,430.00,3090.00,959.20,253.82,4943.00,3660.00,2840.00,-820.00,2103.00,47484.00
6221.00,23026.00,8831.00,3100.00,9010.00,4976.40,1236.80,22767.00,16805.00,18038.00,1233.30,4729.00,128797.00
32.00,1052.00,372.00,80.00,10.00,59.30,31.60,1098.00,1020.00,821.00,-199.00,277.00,1612.00
1744.00,6585.00,2640.00,960.00,1230.00,1605.80,256.10,7086.00,4841.00,5846.00,1004.70,1240.00,34833.00
5993.00,18572.00,8338.00,2860.00,3640.00,6107.70,595.10,19548.00,12579.00,16128.00,3549.70,3420.00,50174.00
343.00,1571.00,470.00,180.00,460.00,341.00,84.30,1614.00,1228.00,1437.00,208.90,178.00,6330.00
7385.00,21285.00,7571.00,2810.00,8160.00,6792.00,1234.70,21466.00,13900.00,17517.00,3616.80,3948.00,109861.00
2558.00,8325.00,2572.00,1360.00,3520.00,2132.50,410.20,8359.00,5767.00,6952.00,1185.30,1407.00,51375.00
2524.00,6239.00,1701.00,600.00,620.00,189.60,237.70,4714.00,3715.00,3822.00,106.30,892.00,14112.00
1716.00,7230.00,1726.00,840.00,580.00,1338.60,301.20,7108.00,5514.00,6055.00,541.60,1053.00,15660.00
4951.00,17858.00,6803.00,2010.00,7740.00,4276.50,845.30,17818.00,12907.00,15232.00,2325.30,2587.00,69168.00
4939.00,12881.00,5432.00,1950.00,5190.00,4536.60,754.50,12900.00,7942.00,11566.00,3624.20,1334.00,80132.00
4832.00,18036.00,7417.00,2140.00,5800.00,3911.40,679.20,17957.00,13204.00,16136.00,2932.30,1822.00,27249.00
11187.00,36457.00,12844.00,4880.00,17270.00,11706.20,2034.40,38244.00,25270.00,29538.00,4268.80,8705.00,247830.00
552.00,1622.00,605.00,130.00,40.00,655.80,55.80,1780.00,1070.00,1357.00,287.10,423.00,3260.00
262.00,1206.00,502.00,100.00,100.00,209.10,39.40,1195.00,944.00,928.00,-15.90,268.00,3578.00
307.00,1261.00,506.00,90.00,10.00,179.10,37.80,1161.00,954.00,894.00,-59.30,266.00,1550.00
395.00,1539.00,479.00,160.00,40.00,249.00,55.00,1495.00,1144.00,1180.00,36.30,315.00,2802.00
4423.00,10308.00,4889.00,1240.00,1700.00,3746.10,457.20,10120.00,5885.00,8459.00,2573.90,1661.00,42986.00
5140.00,12608.00,2724.00,2640.00,3950.00,3194.70,677.80,11980.00,7468.00,10195.00,2727.40,1784.00,67162.00
6917.00,16707.00,6377.00,2830.00,4530.00,5361.20,917.50,16256.00,9790.00,13430.00,3639.90,2827.00,82720.00
191.00,1703.00,245.00,70.00,30.00,92.60,24.80,1620.00,1512.00,1510.00,-1.90,110.00,896.00
5944.00,22272.00,8862.00,2710.00,10920.00,5382.30,1017.10,22627.00,16328.00,20728.00,4400.30,1899.00,134185.00
461.00,1900.00,776.00,190.00,100.00,290.30,54.50,1773.00,1439.00,1461.00,22.60,312.00,4867.00
11574.00,33069.00,11669.00,6550.00,9400.00,11098.70,2064.30,34615.00,21495.00,28748.00,7252.60,5868.00,175159.00
11335.00,21546.00,9338.00,4170.00,5100.00,11666.40,1755.10,22677.00,10211.00,19498.00,9287.30,3179.00,135376.00
4274.00,8548.00,2461.00,530.00,3430.00,1381.60,265.40,5912.00,4274.00,3523.00,-751.30,2389.00,55220.00
8310.00,27785.00,10006.00,3790.00,10550.00,7305.90,1395.10,28119.00,19475.00,23070.00,3595.10,5049.00,144723.00
217.00,1177.00,325.00,120.00,20.00,210.10,35.10,1206.00,960.00,909.00,-51.90,298.00,1787.00
1871.00,7509.00,3077.00,870.00,1410.00,1540.00,264.60,7631.00,5638.00,6417.00,779.50,1214.00,36814.00
6112.00,17497.00,7408.00,2370.00,2940.00,4884.30,635.80,16946.00,11385.00,14345.00,2960.70,2601.00,57242.00
259.00,2142.00,968.00,290.00,750.00,-47.50,170.40,1917.00,1883.00,1612.00,-271.10,305.00,32093.00
436.00,1919.00,518.00,210.00,520.00,412.90,95.60,1962.00,1483.00,1709.00,226.00,253.00,6757.00
11181.00,26920.00,9681.00,3130.00,9050.00,7987.60,1430.20,27175.00,15739.00,22041.00,6302.20,5134.00,111139.00
2542.00,9116.00,3387.00,1490.00,4310.00,2265.20,463.00,9159.00,6574.00,7181.00,607.50,1978.00,58183.00
2349.00,5395.00,1963.00,800.00,730.00,1844.80,264.20,5315.00,3046.00,4376.00,1330.60,939.00,15661.00
1911.00,7338.00,2044.00,840.00,750.00,2166.40,321.50,7829.00,5427.00,6685.00,1258.60,1144.00,16700.00
4972.00,19795.00,7541.00,2390.00,9040.00,4219.20,934.50,19664.00,14823.00,16685.00,1862.20,2979.00,72659.00
3998.00,12729.00,5242.00,2260.00,5870.00,3877.80,839.60,13149.00,8731.00,11878.00,3147.10,1271.00,79203.00
3627.00,17294.00,7153.00,2410.00,5640.00,2712.10,755.40,16924.00,13667.00,14986.00,1319.30,1938.00,25846.00
12913.00,42480.00,15429.00,5230.00,19720.00,8975.80,2306.30,42208.00,29567.00,37401.00,7834.00,4807.00,252283.00
199.00,1244.00,449.00,180.00,50.00,234.40,62.20,1381.00,1045.00,1131.00,86.30,250.00,3112.00
326.00,1458.00,578.00,110.00,120.00,249.60,43.40,1424.00,1132.00,1080.00,-52.70,344.00,3961.00
303.00,1131.00,505.00,100.00,10.00,375.30,46.60,1288.00,828.00,1022.00,193.40,266.00,1737.00
266.00,1686.00,585.00,190.00,60.00,358.80,59.00,1835.00,1420.00,1420.00,0.40,415.00,3399.00
3703.00,10605.00,4065.00,2290.00,2180.00,3325.30,470.30,11047.00,6902.00,8829.00,1926.80,2219.00,43351.00
5000.00,14377.00,3887.00,2340.00,4900.00,3903.80,747.80,14111.00,9377.00,11713.00,2336.00,2398.00,74677.00
5469.00,17871.00,7224.00,3340.00,5300.00,4313.20,994.80,17494.00,12402.00,15035.00,2633.60,2459.00,82435.00
95.00,958.00,259.00,80.00,70.00,50.50,24.50,947.00,863.00,763.00,-99.30,184.00,1014.00
6431.00,24748.00,9618.00,3120.00,12280.00,5076.00,1144.70,24437.00,18317.00,21752.00,3435.80,2685.00,146796.00
447.00,2085.00,896.00,230.00,130.00,445.20,60.90,2135.00,1638.00,1734.00,96.00,401.00,5499.00
14076.00,38819.00,12135.00,7450.00,10980.00,10179.50,2299.30,36681.00,24743.00,31033.00,6289.30,5649.00,181512.00
465.00,1389.00,355.00,100.00,300.00,136.40,212.90,1110.00,924.00,914.00,-10.60,197.00,14501.00
12226.00,26748.00,9623.00,5250.00,5920.00,10920.20,1929.20,26741.00,14522.00,22104.00,7581.30,4637.00,143725.00
5444.00,10888.00,3000.00,720.00,4400.00,1609.70,301.40,7362.00,5444.00,3697.00,-1747.50,3666.00,60125.00
9732.00,31577.00,10876.00,4580.00,12560.00,6723.10,1505.50,31074.00,21845.00,24726.00,2881.30,6348.00,156711.00
177.00,1235.00,449.00,110.00,30.00,274.70,39.50,1381.00,1058.00,1030.00,-28.00,351.00,2104.00
1997.00,7962.00,3035.00,1060.00,1570.00,1448.10,279.40,8550.00,5965.00,6846.00,881.40,1704.00,38313.00
4902.00,15121.00,5783.00,2750.00,2440.00,4010.30,679.60,14869.00,10219.00,12560.00,2341.90,2309.00,57657.00
1325.00,5701.00,2435.00,700.00,1990.00,1060.70,179.40,5624.00,4376.00,4914.00,538.40,710.00,35069.00
447.00,2320.00,543.00,260.00,570.00,412.80,99.50,2353.00,1873.00,2101.00,228.50,252.00,7097.00
9570.00,25556.00,9029.00,4210.00,9250.00,6510.80,1513.10,25651.00,15986.00,22718.00,6731.50,2933.00,123573.00
2817.00,10418.00,3675.00,1630.00,4970.00,2739.60,566.90,10728.00,7601.00,8657.00,1056.00,2072.00,65505.00
1551.00,5267.00,1912.00,1040.00,920.00,1511.30,282.30,5670.00,3716.00,4576.00,860.50,1093.00,17148.00
892.00,7750.00,2321.00,1090.00,860.00,748.10,367.00,8050.00,6858.00,6123.00,-735.50,1927.00,18039.00
6620.00,21941.00,7642.00,2680.00,9850.00,5869.90,1060.90,21938.00,15321.00,18606.00,3284.50,3332.00,77924.00
4298.00,13354.00,4932.00,2490.00,5920.00,3269.40,948.20,13132.00,9056.00,11662.00,2605.60,1470.00,86745.00
6314.00,17515.00,6007.00,2250.00,4700.00,3649.40,809.80,16960.00,11201.00,14369.00,3167.80,2591.00,29539.00
11499.00,41592.00,15452.00,6430.00,21290.00,10897.70,2458.00,42480.00,30093.00,38282.00,8188.60,4198.00,273188.00
825.00,2002.00,550.00,190.00,50.00,340.30,65.00,2117.00,1177.00,1338.00,161.20,779.00,3369.00
165.00,1288.00,565.00,130.00,140.00,220.90,53.70,1395.00,1123.00,1157.00,33.60,238.00,4478.00
410.00,1278.00,542.00,150.00,20.00,422.40,49.20,1334.00,868.00,1128.00,260.40,205.00,1947.00
428.00,1924.00,544.00,220.00,50.00,366.10,67.50,2019.00,1496.00,1451.00,-44.90,568.00,3972.00
4588.00,11636.00,4122.00,2840.00,2470.00,3964.20,478.50,12065.00,7048.00,9878.00,2829.60,2187.00,46756.00
6537.00,15466.00,3730.00,3180.00,4820.00,4958.00,828.60,15692.00,8929.00,12710.00,3781.20,2982.00,79611.00
6236.00,18389.00,7730.00,3880.00,5670.00,5748.40,1066.10,18995.00,12153.00,15949.00,3795.70,3046.00,91771.00
143.00,1950.00,314.00,80.00,80.00,66.80,27.90,1909.00,1807.00,1664.00,-142.90,245.00,1136.00
5998.00,24816.00,9190.00,3510.00,13010.00,4739.40,1306.30,24818.00,18818.00,21557.00,2738.90,3261.00,148861.00
437.00,2304.00,968.00,250.00,160.00,538.20,65.60,2466.00,1867.00,1813.00,-54.40,653.00,6370.00
11985.00,37583.00,12279.00,8220.00,10330.00,9898.10,2443.70,38104.00,25598.00,31780.00,6181.80,6324.00,190269.00
1546.00,4279.00,1320.00,500.00,890.00,424.20,248.50,3298.00,2733.00,2833.00,99.60,465.00,15826.00
12714.00,27252.00,9581.00,6380.00,6510.00,11804.10,2136.20,28079.00,14538.00,23395.00,8856.10,4684.00,157144.00
6254.00,12508.00,2989.00,910.00,4900.00,1733.00,296.10,8631.00,6254.00,5044.00,-1209.60,3587.00,65027.00
11253.00,34256.00,11179.00,6130.00,12620.00,7630.00,1742.60,34373.00,23003.00,26057.00,3054.00,8316.00,167096.00
343.00,1451.00,421.00,130.00,40.00,210.00,42.70,1363.00,1108.00,1031.00,-77.00,332.00,2071.00
2829.00,9622.00,3233.00,1240.00,1940.00,930.00,296.50,8936.00,6793.00,7113.00,319.00,1824.00,43407.00
5154.00,16723.00,6466.00,3220.00,2760.00,4910.00,776.50,17752.00,11569.00,14025.00,2457.00,3727.00,64965.00
1867.00,7284.00,2820.00,810.00,2330.00,970.00,214.70,6822.00,5417.00,5530.00,113.00,1292.00,37967.00
531.00,2364.00,626.00,290.00,600.00,380.00,112.50,2401.00,1833.00,2000.00,167.00,401.00,8100.00
10388.00,28263.00,8177.00,4950.00,9520.00,6080.00,1693.20,26921.00,17875.00,21440.00,3565.00,5481.00,141534.00
2414.00,11071.00,2810.00,1950.00,5550.00,1470.00,675.70,10582.00,8657.00,9342.00,685.00,1240.00,72528.00
3074.00,6733.00,1973.00,1170.00,890.00,2340.00,294.30,6616.00,3659.00,5141.00,1482.00,1475.00,18905.00
1135.00,8200.00,2518.00,1160.00,980.00,1250.00,405.20,8738.00,7065.00,6413.00,-652.00,2325.00,20326.00
1816.00,9222.00,4904.00,950.00,2280.00,2190.00,350.60,9809.00,7406.00,7737.00,331.00,2072.00,120889.00
7425.00,23594.00,7570.00,3290.00,10440.00,5280.00,1126.70,24074.00,16169.00,18814.00,2646.00,5260.00,86895.00
6123.00,16757.00,6338.00,2950.00,7300.00,4990.00,1099.70,16967.00,10634.00,14756.00,4122.00,2211.00,86832.00
5175.00,18565.00,7158.00,2500.00,6170.00,4060.00,894.70,18989.00,13390.00,14560.00,1169.00,4429.00,32493.00
16701.00,47804.00,15704.00,7130.00,22810.00,14290.00,2820.10,47217.00,31103.00,40474.00,9371.00,6743.00,299479.00
1100.00,2428.00,562.00,250.00,70.00,250.00,68.20,2157.00,1328.00,1415.00,87.00,742.00,3506.00
384.00,1673.00,570.00,150.00,150.00,160.00,52.60,1589.00,1289.00,1205.00,-84.00,384.00,4763.00
439.00,1461.00,562.00,130.00,30.00,320.00,55.20,1405.00,1022.00,1131.00,109.00,274.00,2166.00
839.00,2238.00,567.00,210.00,60.00,440.00,74.40,1917.00,1399.00,1506.00,107.00,411.00,4467.00
5448.00,13887.00,4210.00,2890.00,2870.00,2820.00,491.80,13267.00,8439.00,10015.00,1576.00,3252.00,49713.00
6493.00,17564.00,2990.00,3430.00,5710.00,4400.00,922.80,17337.00,11071.00,14825.00,3754.00,2511.00,82249.00
9089.00,22171.00,8032.00,4300.00,6250.00,6110.00,1186.30,21542.00,13082.00,17016.00,3934.00,4526.00,88550.00
112.00,2193.00,348.00,90.00,110.00,10.00,29.90,2132.00,2081.00,1883.00,-198.00,249.00,1276.00
8278.00,29115.00,9662.00,4130.00,14340.00,6740.00,1528.10,30156.00,20837.00,25688.00,4851.00,4469.00,158155.00
618.00,2498.00,974.00,290.00,180.00,540.00,76.70,2537.00,1880.00,1961.00,81.00,576.00,6733.00
14610.00,42431.00,13103.00,7060.00,12770.00,9500.00,2440.90,42086.00,27821.00,32939.00,5117.00,9148.00,206855.00
1983.00,5201.00,1708.00,550.00,1020.00,890.00,268.70,4848.00,3218.00,3676.00,457.00,1173.00,18473.00
15244.00,29769.00,8463.00,7670.00,7050.00,10570.00,2361.10,27716.00,14525.00,23161.00,8635.00,4555.00,168000.00
6666.00,13332.00,3492.00,1120.00,5320.00,2400.00,292.40,10214.00,6666.00,4598.00,-2068.00,5615.00,71361.00
14244.00,41113.00,13367.00,6860.00,13810.00,7450.00,1962.00,40120.00,26869.00,29830.00,2962.00,10290.00,190017.00
326.00,1902.00,620.00,140.00,40.00,250.00,47.10,2192.00,1576.00,1392.00,-184.00,800.00,2368.00
3139.00,10904.00,3709.00,1450.00,2070.00,1390.00,309.70,10596.00,7765.00,8450.00,685.00,2146.00,47305.00
5428.00,18953.00,7023.00,3320.00,3360.00,4110.00,886.20,19134.00,13525.00,14632.00,1107.00,4501.00,66174.00
2634.00,8593.00,3244.00,1050.00,2590.00,2200.00,260.80,8951.00,5959.00,6600.00,641.00,2351.00,42449.00
798.00,2421.00,686.00,320.00,710.00,450.00,132.80,2416.00,1623.00,1764.00,140.00,653.00,9301.00
14938.00,33186.00,8992.00,5800.00,11170.00,9160.00,1885.20,32986.00,18248.00,21954.00,3707.00,11032.00,168080.00
5772.00,15615.00,2818.00,2110.00,6350.00,2930.00,796.10,15122.00,9843.00,10117.00,274.00,5005.00,82862.00
4162.00,8143.00,2348.00,1470.00,980.00,2380.00,338.80,8096.00,3981.00,5588.00,1607.00,2508.00,20721.00
348.00,8854.00,2493.00,1100.00,1150.00,-20.00,448.20,8817.00,8506.00,6596.00,-1910.00,2221.00,22194.00
1790.00,9233.00,4320.00,990.00,2280.00,1660.00,378.40,9738.00,7443.00,7302.00,-142.00,2436.00,130990.00
8358.00,29118.00,8315.00,3710.00,12570.00,4500.00,1389.80,29267.00,20760.00,21285.00,525.00,7982.00,96698.00
7713.00,19528.00,5924.00,3330.00,8090.00,5540.00,1256.80,19769.00,11815.00,15496.00,3680.00,4273.00,102839.00
9555.00,23844.00,6787.00,3210.00,6790.00,7320.00,963.60,23923.00,14289.00,18765.00,4476.00,5158.00,38802.00
27273.00,61644.00,18877.00,8330.00,25160.00,17930.00,3093.30,61034.00,34371.00,42680.00,8310.00,18354.00,340600.00
714.00,2134.00,603.00,210.00,70.00,290.00,70.90,2320.00,1420.00,1463.00,44.00,857.00,3979.00
255.00,1654.00,640.00,170.00,180.00,200.00,65.90,1770.00,1399.00,1314.00,-85.00,456.00,5280.00
583.00,1954.00,652.00,170.00,30.00,310.00,62.20,1826.00,1371.00,1288.00,-83.00,538.00,2325.00
-370.00,1990.00,644.00,240.00,70.00,-160.00,83.50,2384.00,2360.00,1813.00,-547.00,571.00,4812.00
6476.00,15916.00,4360.00,2860.00,3300.00,3570.00,504.70,15565.00,9440.00,10861.00,1421.00,4704.00,61008.00
7848.00,19987.00,3525.00,3710.00,6150.00,4880.00,1023.00,20335.00,12139.00,15702.00,3563.00,4633.00,90089.00
10800.00,26224.00,9228.00,4780.00,7250.00,7370.00,1281.90,25869.00,15424.00,18848.00,3424.00,7021.00,111606.00
115.00,1456.00,406.00,90.00,110.00,50.00,33.40,1477.00,1341.00,1181.00,-160.00,296.00,1430.00
11208.00,34914.00,11586.00,4700.00,15940.00,5590.00,1795.70,33765.00,23706.00,25271.00,1565.00,8494.00,175371.00
499.00,2667.00,963.00,330.00,220.00,340.00,87.40,2764.00,2168.00,2062.00,-106.00,702.00,7551.00
37639.00,69277.00,12999.00,10120.00,13600.00,16650.00,2662.40,69441.00,31638.00,50221.00,18583.00,19220.00,226972.00
2404.00,6004.00,2027.00,600.00,1230.00,1410.00,303.10,6206.00,3600.00,4362.00,761.00,1845.00,20439.00
20995.00,37604.00,9008.00,9210.00,8770.00,12870.00,2590.10,38421.00,16609.00,25757.00,9149.00,12664.00,189259.00
7349.00,14698.00,3465.00,1370.00,5880.00,2440.00,325.30,11720.00,7349.00,5087.00,-2261.00,6633.00,79468.00
19377.00,48127.00,13821.00,7090.00,16250.00,8190.00,1226.10,47153.00,28750.00,31307.00,2558.00,15845.00,134767.00
290.00,1792.00,650.00,150.00,50.00,390.00,61.60,2085.00,1502.00,1510.00,8.00,576.00,3488.00
4497.00,14434.00,4775.00,1400.00,2710.00,2060.00,354.60,14745.00,9937.00,10229.00,292.00,4516.00,53398.00
6210.00,21924.00,6117.00,3470.00,3340.00,1240.00,994.00,20055.00,15714.00,14638.00,-1076.00,5416.00,77781.00
2473.00,9722.00,3635.00,1150.00,3230.00,1230.00,310.90,9647.00,7249.00,7103.00,-146.00,2544.00,47862.00
866.00,2686.00,798.00,320.00,860.00,550.00,140.90,2541.00,1820.00,1943.00,123.00,598.00,12713.00
14695.00,34960.00,10127.00,6080.00,12960.00,8700.00,2025.10,34900.00,20265.00,24302.00,4037.00,10598.00,203373.00
4437.00,15586.00,3497.00,2240.00,7440.00,1210.00,926.70,14442.00,11149.00,11407.00,258.00,3035.00,95795.00
3702.00,8337.00,2328.00,1640.00,1250.00,1810.00,381.80,8034.00,4635.00,5793.00,1158.00,2242.00,24077.00
1399.00,11164.00,3104.00,1180.00,1400.00,1010.00,482.20,11127.00,9765.00,8188.00,-1577.00,2939.00,27305.00
3623.00,10930.00,5127.00,770.00,2400.00,3650.00,437.40,11635.00,7307.00,8419.00,1111.00,3217.00,59758.00
9420.00,35990.00,9764.00,3790.00,16070.00,3600.00,1583.70,34246.00,26570.00,24932.00,-1638.00,9315.00,166747.00
7240.00,20740.00,7344.00,3610.00,8960.00,4450.00,1435.60,20276.00,13500.00,17169.00,3669.00,3106.00,119264.00
10097.00,29840.00,7268.00,3660.00,7770.00,6490.00,1087.50,29413.00,19743.00,18026.00,-1717.00,11386.00,112927.00
31061.00,72074.00,20433.00,8980.00,30610.00,18620.00,3218.10,72668.00,41013.00,51047.00,10033.00,21622.00,415480.00
1189.00,2932.00,873.00,270.00,80.00,450.00,73.90,2600.00,1743.00,1651.00,-92.00,949.00,5133.00
469.00,2015.00,741.00,180.00,210.00,310.00,69.10,2070.00,1546.00,1596.00,50.00,474.00,6559.00
375.00,1877.00,647.00,180.00,40.00,230.00,70.10,1817.00,1502.00,1394.00,-107.00,423.00,2682.00
409.00,2249.00,629.00,250.00,80.00,220.00,79.50,2276.00,1840.00,1685.00,-155.00,591.00,5839.00
4717.00,16567.00,4598.00,3330.00,4180.00,1370.00,508.80,15886.00,11850.00,12372.00,522.00,3513.00,77729.00
7535.00,21342.00,3747.00,3980.00,6950.00,4040.00,1123.90,20994.00,13807.00,17198.00,3391.00,3796.00,96839.00
11769.00,29533.00,9845.00,5170.00,8420.00,6150.00,1480.90,28907.00,17764.00,19906.00,2143.00,9001.00,127746.00
353.00,2245.00,479.00,100.00,120.00,190.00,35.00,2161.00,1892.00,1723.00,-169.00,438.00,1739.00
14042.00,42494.00,13617.00,4760.00,19360.00,5570.00,1856.10,41780.00,28452.00,29155.00,703.00,12625.00,219003.00
750.00,3327.00,1121.00,360.00,240.00,240.00,93.30,2984.00,2577.00,2183.00,-394.00,802.00,8904.00
21774.00,59391.00,16932.00,11870.00,15690.00,13000.00,3140.70,59124.00,37617.00,44610.00,6993.00,14514.00,260841.00
2231.00,6317.00,2327.00,820.00,1440.00,2170.00,340.40,6366.00,4086.00,5036.00,950.00,1330.00,24786.00
15150.00,35068.00,9732.00,9620.00,9920.00,10650.00,2773.20,33494.00,19918.00,28146.00,8228.00,5348.00,208656.00
8563.00,17126.00,4267.00,1570.00,7110.00,1480.00,325.00,12875.00,8563.00,5827.00,-2735.00,7047.00,100325.00
13454.00,48305.00,14900.00,7010.00,19210.00,8300.00,1405.10,48306.00,34851.00,34915.00,64.00,13391.00,147606.00
732.00,2581.00,742.00,160.00,60.00,260.00,50.90,2437.00,1849.00,1668.00,-182.00,769.00,3755.00
1624.00,13669.00,4452.00,1510.00,3230.00,-360.00,412.30,12088.00,12045.00,10536.00,-1509.00,1551.00,59385.00
5034.00,22871.00,8663.00,3650.00,3560.00,3700.00,1154.80,22568.00,17837.00,17756.00,-81.00,4812.00,82490.00
1451.00,10290.00,4295.00,960.00,4050.00,430.00,381.50,9725.00,8839.00,7457.00,-1381.00,2268.00,53381.00
836.00,3005.00,880.00,400.00,1100.00,600.00,159.20,2849.00,2169.00,2191.00,22.00,658.00,14327.00
12363.00,37430.00,10995.00,6140.00,15700.00,6270.00,2235.60,34235.00,25067.00,25465.00,399.00,8769.00,244736.00
2674.00,16527.00,4742.00,2100.00,9080.00,290.00,1255.20,14830.00,13853.00,12640.00,-1213.00,2190.00,108885.00
2350.00,8909.00,2804.00,1560.00,1500.00,720.00,416.70,8587.00,6559.00,6466.00,-92.00,2120.00,27127.00
1927.00,13467.00,4030.00,1300.00,1690.00,1590.00,557.20,13467.00,11540.00,9724.00,-1816.00,3743.00,29920.00
2334.00,10537.00,6156.00,720.00,2890.00,4920.00,570.40,13417.00,8203.00,9756.00,1553.00,3661.00,60901.00
6825.00,37177.00,11675.00,3760.00,18630.00,3690.00,1738.10,34973.00,30352.00,28041.00,-2311.00,6932.00,195904.00
6364.00,21659.00,7524.00,3800.00,9780.00,4180.00,1599.60,21115.00,15295.00,18424.00,3129.00,2691.00,136842.00
8843.00,29440.00,9425.00,3420.00,9120.00,4570.00,1242.00,28975.00,20597.00,20563.00,-33.00,8412.00,124276.00
22653.00,71091.00,24268.00,9350.00,33540.00,17630.00,3532.90,68677.00,48438.00,52280.00,3842.00,16397.00,486766.00
629.00,3038.00,939.00,240.00,90.00,270.00,80.50,2743.00,2409.00,2005.00,-404.00,738.00,5718.00
462.00,2209.00,767.00,190.00,250.00,180.00,76.30,2008.00,1747.00,1674.00,-72.00,333.00,7265.00
527.00,2181.00,722.00,180.00,60.00,400.00,73.80,2172.00,1654.00,1588.00,-66.00,584.00,2971.00
440.00,2707.00,804.00,250.00,110.00,310.00,78.30,2809.00,2267.00,2061.00,-207.00,748.00,6588.00
3980.00,18065.00,5386.00,3700.00,5000.00,280.00,561.70,15746.00,14085.00,13604.00,-481.00,2143.00,85096.00
5085.00,22051.00,4052.00,3710.00,8990.00,2660.00,1346.20,20453.00,16966.00,18208.00,1242.00,2244.00,108637.00
7462.00,28301.00,10920.00,5210.00,9880.00,5150.00,2098.10,27220.00,20839.00,21499.00,660.00,5721.00,142236.00
119.00,2083.00,501.00,100.00,150.00,150.00,39.90,2146.00,1964.00,1768.00,-197.00,378.00,1993.00
11298.00,45258.00,14297.00,4560.00,23330.00,2250.00,2167.70,38744.00,33960.00,32009.00,-1951.00,6736.00,257833.00
435.00,3459.00,1121.00,370.00,300.00,110.00,105.80,3301.00,3024.00,2392.00,-633.00,910.00,9826.00
22914.00,68263.00,20141.00,9100.00,18860.00,10080.00,4067.40,59839.00,45349.00,46617.00,1268.00,13222.00,293172.00
2445.00,7982.00,2781.00,810.00,1790.00,1880.00,390.10,7664.00,5537.00,5611.00,74.00,2053.00,29968.00
19349.00,43075.00,11445.00,9750.00,10390.00,9600.00,3056.20,40587.00,23726.00,31117.00,7391.00,9471.00,230245.00
10844.00,21688.00,4566.00,1670.00,8940.00,-250.00,353.00,11142.00,10844.00,6515.00,-4328.00,4626.00,115374.00
1802.00,3604.00,797.00,170.00,480.00,280.00,76.00,2173.00,1802.00,1794.00,-7.00,379.00,7977.00
